X,Y
0.08517205153323348,0.4371950832737864
0.15017775545751233,1.0577940458707646
0.09545318918906875,0.9357759823804629
0.36799805735159585,0.9381236511833024
0.4843623656628855,0.0025500359893026875
0.4800992272890453,0.08659033923636218
0.6117470265229626,-0.4712773062500649
0.6845295989231058,-1.0735621372740083
